VaccinationId,PetId,VeterinarianId,VaccineName,DateAdministered,NextDoseDate
1,1,1,"Rabies",2026-02-10,2027-02-10
2,1,1,"DHPP (V10)",2026-02-10,2027-02-10
3,2,2,"Rabies",2026-01-22,2027-01-22
4,2,2,"FVRCP",2026-01-22,2027-01-22
5,3,3,"Rabies",2025-03-10,2026-03-10
6,4,1,"FVRCP",2025-05-26,2026-05-26
7,5,2,"DHPP (V10)",2025-09-14,2026-09-14
8,6,1,"Rabies",2025-02-12,2026-02-12
9,6,1,"DHPP (V10)",2025-02-12,2026-02-12
10,7,3,"FVRCP",2026-03-05,2027-03-05
11,8,2,"Rabies",2025-07-23,2026-07-23
12,9,3,"Rabies",2025-01-15,2026-01-15
13,10,1,"FVRCP",2026-02-18,2027-02-18
14,11,2,"Rabies",2026-01-08,2027-01-08
15,11,2,"DHPP (V10)",2026-01-08,2027-01-08
16,12,3,"Rabies",2025-04-10,2026-04-10
17,13,1,"Rabies",2026-01-06,2027-01-06
18,14,1,"RHDV (Rabbit Hemorrhagic Disease)",2026-03-01,2027-03-01
19,15,2,"Rabies",2025-07-01,2026-07-01
20,15,2,"DHPP (V10)",2025-07-01,2026-07-01
